name,address,description
Zilker Metropolitan Park,"2100 Barton Springs Rd, Austin, TX 78704","A massive park with open spaces for picnics, playgrounds, and access to Barton Springs Pool for family fun."
Austin Nature & Science Center,"2389 Stratford Dr, Austin, TX 78746",Hands-on exhibits and outdoor trails where kids can learn about local wildlife and nature.
Thinkery,"1830 Simond Ave, Austin, TX 78723",An interactive children’s museum with STEAM-focused exhibits and creative play spaces.
Barton Springs Pool,"2131 William Barton Dr, Austin, TX 78746",A natural spring-fed pool perfect for cooling off with kids on hot days.
McKinney Falls State Park,"5808 McKinney Falls Pkwy, Austin, TX 78744","Offers hiking trails, swimming holes, and picnic areas for family adventures."
Play for All Abilities Park,"151 N A W Grimes Blvd, Round Rock, TX 78665",An inclusive playground designed for children of all abilities with sensory-friendly features.
The Dinosaur Park,"893 Union Chapel Rd, Cedar Creek, TX 78612",Life-sized dinosaur replicas and a fossil dig area that kids love exploring.
Lady Bird Johnson Wildflower Center,"4801 La Crosse Ave, Austin, TX 78739",Beautiful gardens with kid-friendly trails and interactive nature programs.
Bull Creek District Park,"6701 Lakewood Dr, Austin, TX 78731",Scenic trails and shallow creek areas for kids to splash and explore.
Catch Air Round Rock,"1400 E Old Settlers Blvd #200, Round Rock, TX 78664","An indoor play center with inflatables, slides, and obstacle courses for active kids."
Austin Aquarium,"13530 N Hwy 183 #101, Austin, TX 78750","Interactive exhibits with fish, sharks, and touch tanks for a fun aquatic experience."
Deep Eddy Pool,"401 Deep Eddy Ave, Austin, TX 78703",A historic spring-fed pool with shallow areas ideal for young swimmers.
Walnut Creek Metropolitan Park,"12138 N Lamar Blvd, Austin, TX 78753","Large park with trails, a pool, and playgrounds for family outings."
Jumpstreet Indoor Trampoline Park,"12617 Ridgeline Blvd, Cedar Park, TX 78613","Indoor trampolines, foam pits, and dodgeball courts for high-energy fun."
Twin Falls Hike,"Access via Barton Creek Greenbelt, Austin, TX 78746",A family-friendly hike with a rewarding waterfall and shallow pools for kids to play.
Children’s Museum of Austin,"201 Colorado St, Austin, TX 78701",Temporary pop-up exhibits with hands-on learning for young children.
Pease District Park,"1100 Kingsbury St, Austin, TX 78703","Historic park with shaded playgrounds, splash pads, and open fields."
Urban Air Trampoline and Adventure Park,"4500 S Pleasant Valley Rd, Austin, TX 78744","Indoor park with trampolines, zip lines, and climbing walls for all ages."
Mayfield Park and Nature Preserve,"3505 W 35th St, Austin, TX 78703","A quiet spot with peacocks, ponds, and trails for a relaxing family walk."
Austin Zoo,"10808 Rawhide Trail, Austin, TX 78736",A small rescue zoo with over 300 animals and kid-friendly feeding experiences.
Bartholomew District Park,"5201 Berkman Dr, Austin, TX 78723","Features a splash pad, pool, and playgrounds for a full day of fun."
Monster Mini Golf & Laser Tag,"1410 S Hwy 183, Austin, TX 78704",Glow-in-the-dark mini golf and laser tag for family-friendly competition.
River Place Canyon Trail,"8820 Big View Dr, Austin, TX 78730",Easy trails with scenic views and creek access for kid-friendly hikes.
Little Land Play Gym,"2324 S Lamar Blvd, Austin, TX 78704",Indoor play space for toddlers with mini structures and sensory activities.
Dick Nichols District Park,"8011 Beckett Rd, Austin, TX 78749","Offers a pool, playground, and shaded picnic areas for family relaxation."
Austin Bouldering Project,"979 Springdale Rd #150, Austin, TX 78702",Kid-friendly climbing walls with supervised sessions for young adventurers.
Hamilton Pool Preserve,"24300 Hamilton Pool Rd, Dripping Springs, TX 78620","A stunning natural pool with a waterfall, perfect for a family swim (reservations required)."
Round Rock Express Baseball Games,"Dell Diamond, 3400 E Palm Valley Blvd, Round Rock, TX 78665",Family-friendly minor league baseball with kid zones and promotions.
Commons Ford Ranch Metropolitan Park,"614 N FM 620, Austin, TX 78732",Lakeside park with trails and picnic spots for a peaceful family day.
Austin Playhouse Kids Camps,"405 W 22nd St, Austin, TX 78705",Seasonal theater camps and shows that engage kids in creative play.
Pioneer Farms,"10621 Pioneer Farms Dr, Austin, TX 78754",A living history museum where kids can experience 19th-century farm life.
Mills Pond Recreation Area,"509 Old Austin Hutto Rd, Pflugerville, TX 78660","A park with fishing, playgrounds, and trails for family outdoor fun."
iPlay Austin,"7300 Hart Ln, Austin, TX 78731",Indoor play center with climbing structures and slides for young kids.
Balcones District Park,"12017 Amherst Dr, Austin, TX 78759","Features a pool, playground, and shaded areas for family picnics."
Kiddie Acres Amusement Park,"4800 W Howard Ln, Austin, TX 78728",A small amusement park with rides and games tailored for younger children.
Spicewood Springs Branch Library Events,"8637 Spicewood Springs Rd, Austin, TX 78759",Free storytimes and craft events for kids hosted regularly.
Gus Garcia Recreation Center,"12001 Burnet Rd, Austin, TX 78758",Indoor gym and outdoor playground with family programs and events.
Circle C Ranch Metropolitan Park,"6301 W Slaughter Ln, Austin, TX 78739","Large park with soccer fields, disc golf, and playgrounds for active families."
Austin Steam Train Rides,"401 E Whitestone Blvd C-100, Cedar Park, TX 78613",Scenic train rides with themed events like Thomas the Tank Engine for kids.
Blue Hole Regional Park,"100 Blue Hole Ln, Wimberley, TX 78676",A nearby swimming spot with clear water and picnic areas for family outings.
Brentwood Neighborhood Park,"6711 Arroyo Seco, Austin, TX 78757",Small park with a splash pad and shaded playground for local families.
Main Event Austin,"13301 N US Hwy 183, Austin, TX 78750","Family entertainment center with bowling, arcade games, and laser tag."
Mary Moore Searight Metropolitan Park,"907 W Slaughter Ln, Austin, TX 78748","Offers trails, playgrounds, and disc golf for a variety of family activities."
Sweet Berry Farm,"1801 FM 1980, Marble Falls, TX 78654","Seasonal berry picking, hayrides, and pumpkin patches for family fun."
Austin Public Library Storytime,"Multiple locations, Austin, TX",Free storytime sessions with crafts at various library branches for young kids.
Dripping Springs Ranch Park,"1042 Event Center Dr, Dripping Springs, TX 78620","Large park with trails, playgrounds, and space for family events."
Northwest District Park,"7000 Ardath St, Austin, TX 78757","Features a pool, tennis courts, and playgrounds for family recreation."
ZACH Theatre Family Series,"202 S Lamar Blvd, Austin, TX 78704",Kid-friendly theater productions and workshops for creative engagement.
Lake Pflugerville Park,"18216 Weiss Ln, Pflugerville, TX 78660","Beach access, playgrounds, and kayak rentals for family lake fun."
Slaughter Creek Trail,"Access near 9900 S IH 35, Austin, TX 78748","Easy hiking trail with nature views, great for family walks."
Blazer Tag Adventure Center,"1701 W Ben White Blvd, Austin, TX 78704",Indoor laser tag and arcade games for family-friendly competition.
Dottie Jordan Neighborhood Park,"2803 Loyola Ln, Austin, TX 78723",Small park with playgrounds and open spaces for family play.
Texas State Capitol Tours,"1100 Congress Ave, Austin, TX 78701",Educational tours with kid-friendly guides to learn Texas history.
Mabel Davis District Park,"3427 Parker Ln, Austin, TX 78741","Features a skate park, pool, and playground for diverse family activities."
Austin Rodeo (Seasonal),"Travis County Expo Center, 7311 Decker Ln, Austin, TX 78724","Annual event with kid-friendly rodeo shows, petting zoos, and carnival rides."
Butler Metro Park,"1000 Barton Springs Rd, Austin, TX 78704",Urban park with open spaces and access to Lady Bird Lake for family strolls.
Pflugerville PfunFest (Seasonal),"Downtown Pflugerville, TX 78660","Family festival with games, food, and entertainment for all ages."
Gullett Elementary Playground,"6310 Treadwell Blvd, Austin, TX 78757",Public-access playground with modern equipment for local kids.
Katherine Fleischer Park,"2106 Klattenhoff Dr, Austin, TX 78728",Neighborhood park with shaded play structures and picnic areas.
Texas Memorial Museum,"2400 Trinity St, Austin, TX 78712",Free museum with dinosaur fossils and exhibits that fascinate kids.
Old Settlers Park,"3300 E Palm Valley Blvd, Round Rock, TX 78665","Huge park with playgrounds, sports fields, and seasonal events for families."
Cedar Bark Park,"2525 W New Hope Dr, Cedar Park, TX 78613",Dog park with a kid-friendly area and lake access for family outings.
Pflugerville Public Library Events,"1008 W Pfluger St, Pflugerville, TX 78660",Regular kid programs like storytime and STEM workshops for free.
South Austin Recreation Center,"1100 Cumberland Rd, Austin, TX 78704",Indoor and outdoor facilities with family classes and play areas.
Onion Creek Greenbelt,"Access near 7002 Onion Creek Dr, Austin, TX 78744",Quiet trails and creek access for family nature exploration.
Round Rock Public Library Events,"216 E Main St, Round Rock, TX 78664",Free family events including puppet shows and craft days.
Shoal Creek Greenbelt,"Access near 2600 N Lamar Blvd, Austin, TX 78705",Urban trail with creek access for biking and walking with kids.
Cedar Park Sculpture Garden,"1435 Main St, Cedar Park, TX 78613",Outdoor art space with open areas for kids to explore and play.
Austin City Limits Music Festival (Kids Area),"Zilker Park, 2100 Barton Springs Rd, Austin, TX 78704",Annual festival with a dedicated family zone for crafts and music.
Givens District Park,"3811 E 12th St, Austin, TX 78721","Community park with a pool, playground, and picnic spots."
Kite Festival at Zilker Park (Seasonal),"2100 Barton Springs Rd, Austin, TX 78704",Annual event where families fly kites and enjoy outdoor activities.
Eastwoods Neighborhood Park,"3001 Harris Park Ave, Austin, TX 78705",Small park with playgrounds and shaded areas for young families.
Brushy Creek Lake Park,"3300 Brushy Creek Rd, Cedar Park, TX 78613","Lakeside park with splash pads, trails, and kayak rentals for families."
Lions Club Park,"4320 Lions Park Rd, Austin, TX 78753",Neighborhood park with playgrounds and open spaces for play.
Elisabet Ney Museum,"304 E 44th St, Austin, TX 78751",Small art museum with kid-friendly programs and outdoor grounds.
Southwest Greenway,"Access near 2501 S Capital of Texas Hwy, Austin, TX 78746",Easy walking trails with scenic views for family strolls.
Austin Trail of Lights (Seasonal),"Zilker Park, 2100 Barton Springs Rd, Austin, TX 78704",Holiday light display with family activities and festive fun.
Dougherty Arts Center,"1110 Barton Springs Rd, Austin, TX 78704",Offers family art classes and kid-friendly performances.
Northwest Recreation Center,"5801 McNeil Rd, Austin, TX 78729",Indoor gym and outdoor play areas with family programs.
Patterson Neighborhood Park,"4200 Brookview Rd, Austin, TX 78722",Local park with playgrounds and open fields for family games.
Jacob’s Well Natural Area,"1699 Mt Sharp Rd, Wimberley, TX 78676",Nearby natural spring with swimming and hiking for adventurous families.
Roy G. Guerrero Colorado River Metro Park,"400 Grove Blvd, Austin, TX 78741","Large park with trails, playgrounds, and river access for family fun."
St. Edward’s Park,"7301 Spicewood Springs Rd, Austin, TX 78759",Hiking trails and creek access for family nature outings.
Austin Book Festival (Seasonal),"Texas State Capitol Grounds, Austin, TX 78701",Annual event with children’s author readings and activities.
Rosewood Neighborhood Park,"2300 Rosewood Ave, Austin, TX 78702","Community park with a pool, playground, and picnic areas."
Veterans Memorial Park,"2525 W New Hope Dr, Cedar Park, TX 78613","Park with splash pads, playgrounds, and open spaces for family play."
Quarry Lake at Pure Austin,"4211 Parkwood Rd, Austin, TX 78722",Family-friendly swimming spot with clear water and nearby trails.
Emma Long Metropolitan Park,"1600 City Park Rd, Austin, TX 78730","Lakeside park with swimming, camping, and trails for family adventures."
Mueller Lake Park,"4550 Mueller Blvd, Austin, TX 78723","Urban park with a lake, playgrounds, and family events year-round."
Zilker Zephyr Miniature Train,"2100 Barton Springs Rd, Austin, TX 78704",A fun train ride through Zilker Park that kids adore.
Tarrytown Neighborhood Park,"2106 Tower Dr, Austin, TX 78703",Small park with playgrounds and shaded areas for young families.
Republic Square Park Events,"422 Guadalupe St, Austin, TX 78701",Downtown park with regular family movie nights and markets.
Springwoods Park,"9117 Anderson Mill Rd, Austin, TX 78729",Neighborhood park with playgrounds and picnic spots for local families.
Barton Creek Square Mall Play Area,"2901 S Capital of Texas Hwy, Austin, TX 78746",Indoor play space for toddlers with soft structures and seating for parents.
Wells Branch Recreation Center,"3000 Shoreline Dr, Austin, TX 78728","Community center with family programs, playgrounds, and trails."
Metz Neighborhood Park,"2407 Canterbury St, Austin, TX 78702",Local park with a pool and playground for family recreation.
Oak View Park,"10800 Oak View Dr, Austin, TX 78759",Quiet park with shaded playgrounds and open spaces for kids.
